{
"appDid" : "WAMECAPP",
"appName" : "MECWarningAlertApp",
"appProvider" : "simu5g.apps.mec.WarningAlert.MECWarningAlertApp",
"appInfoName" : "appInfoName_",
"appDescription" : "appDescription_",
"virtualComputeDescriptor" :{
    "virtualDisk": 10,
    "virtualCpu" : 1500,
    "virtualMemory":10
    },
"appServiceRequired": [
    {
        "ServiceDependency" :{
            "serName" : "LocationService",
            "version" : "v2",
            "serCategory": "Location"
        }
    }
],

"omnetppServiceRequired": "MEWarningAlertService"
}
